constituencyId,constituencyName,prefix,firstName,lastName,partyName,partyAbbreviation,isHonourable,isDoctor,isCounsel,profileUrl,imagePath,imageDescription
1,Abbotsford South,Mr.,Bruce,Banman,Conservative Party of British Columbia,Conservative Party of British Columbia,False,False,False,https://www.leg.bc.ca/members/43rd-Parliament/Banman-Bruce,https://lims.leg.bc.ca/public/images/mla-headshots/43/small/Banman-Bruce.jpg,MLA Bruce Banman
2,Abbotsford West,Mr.,Korky,Neufeld,Conservative Party of British Columbia,Conservative Party of British Columbia,False,False,False,https://www.leg.bc.ca/members/43rd-Parliament/Neufeld-Korky,https://lims.leg.bc.ca/public/images/mla-headshots/43/small/Neufeld-Korky.jpg,MLA Korky Neufeld
3,Abbotsford-Mission,,Reann,Gasper,Conservative Party of British Columbia,Conservative Party of British Columbia,False,False,False,https://www.leg.bc.ca/members/43rd-Parliament/Gasper-Reann,https://lims.leg.bc.ca/public/images/mla-headshots/43/small/Rann Gasper.PNG,MLA Reann Gasper
4,Boundary-Similkameen,Ms.,Donegal,Wilson,Conservative Party of British Columbia,Conservative Party of British Columbia,False,False,False,https://www.leg.bc.ca/members/43rd-Parliament/Wilson-Donegal,https://lims.leg.bc.ca/public/images/mla-headshots/43/small/Wilson-Donegal.jpg,MLA Donegal Wilson
5,Burnaby North,Ms.,Janet,Routledge,British Columbia New Democratic Party,BC NDP,False,False,False,https://www.leg.bc.ca/members/43rd-Parliament/Routledge-Janet,https://lims.leg.bc.ca/public/images/mla-headshots/43/small/Routledge-Janet.jpg,MLA Janet Routledge
10,Cariboo-Chilcotin,Mr.,Lorne,Doerkson,Conservative Party of British Columbia,Conservative Party of British Columbia,False,False,False,https://www.leg.bc.ca/members/43rd-Parliament/Doerkson-Lorne,https://lims.leg.bc.ca/public/images/mla-headshots/43/small/Doerkson-Lorne.jpg,MLA Lorne Doerkson
13,Columbia River-Revelstoke,Mr.,Scott,McInnis,Conservative Party of British Columbia,Conservative Party of British Columbia,False,False,False,https://www.leg.bc.ca/members/43rd-Parliament/McInnis-Scott,https://lims.leg.bc.ca/public/images/mla-headshots/43/small/McInnis-Scott.jpg,MLA Scott McInnis
14,Coquitlam-Burke Mountain,Ms.,Jodie,Wickens,British Columbia New Democratic Party,BC NDP,True,False,False,https://www.leg.bc.ca/members/43rd-Parliament/Wickens-Jodie,https://lims.leg.bc.ca/public/images/mla-headshots/43/small/Wickens-Jodie.jpg,MLA Jodie Wickens
15,Coquitlam-Maillardville,Ms.,Jennifer,Blatherwick,British Columbia New Democratic Party,BC NDP,False,False,False,https://www.leg.bc.ca/members/43rd-Parliament/Blatherwick-Jennifer,https://lims.leg.bc.ca/public/images/mla-headshots/43/small/Blatherwick-Jennifer.jpg,MLA Jennifer Blatherwick
16,Courtenay-Comox,,Brennan,Day,Conservative Party of British Columbia,Conservative Party of British Columbia,False,False,False,https://www.leg.bc.ca/members/43rd-Parliament/Day-Brennan,https://lims.leg.bc.ca/public/images/mla-headshots/43/small/Day-Brennan.jpg,MLA Brennan Day
17,Cowichan Valley,Ms.,Qwulti'stunaat - Debra,Toporowski,British Columbia New Democratic Party,BC NDP,False,False,False,https://www.leg.bc.ca/members/43rd-Parliament/Toporowski-Qwulti'stunaat%20-%20Debra,https://lims.leg.bc.ca/public/images/mla-headshots/43/small/Toporowski-Debra.jpg,MLA Debra Toporowski
18,Delta North,Mr.,Ravi,Kahlon,British Columbia New Democratic Party,BC NDP,True,False,False,https://www.leg.bc.ca/members/43rd-Parliament/Kahlon-Ravi,https://lims.leg.bc.ca/public/images/mla-headshots/43/small/Kahlon-Ravi.jpg,MLA Ravi Kahlon
19,Delta South,Mr.,Ian,Paton,Conservative Party of British Columbia,Conservative Party of British Columbia,False,False,False,https://www.leg.bc.ca/members/43rd-Parliament/Paton-Ian,https://lims.leg.bc.ca/public/images/mla-headshots/43/small/Paton-Ian.jpg,MLA Ian Paton
21,Fraser-Nicola,Mr.,Tony,Luck,Conservative Party of British Columbia,Conservative Party of British Columbia,False,False,False,https://www.leg.bc.ca/members/43rd-Parliament/Luck-Tony,https://lims.leg.bc.ca/public/images/mla-headshots/43/small/Luck-Tony.jpeg,MLA Tony Luck
22,Kamloops-North Thompson,Mr.,Ward,Stamer,Conservative Party of British Columbia,Conservative Party of British Columbia,False,False,False,https://www.leg.bc.ca/members/43rd-Parliament/Stamer-Ward,https://lims.leg.bc.ca/public/images/mla-headshots/43/small/Ward Stamer.PNG,MLA Ward Stamer
26,Kelowna-Mission,Mr.,Gavin,Dew,Conservative Party of British Columbia,Conservative Party of British Columbia,False,False,False,https://www.leg.bc.ca/members/43rd-Parliament/Dew-Gavin,https://lims.leg.bc.ca/public/images/mla-headshots/43/small/Dew-Gavin.jpg,MLA Gavin Dew
33,Maple Ridge-Pitt Meadows,Ms.,Lisa,Beare,British Columbia New Democratic Party,BC NDP,True,False,False,https://www.leg.bc.ca/members/43rd-Parliament/Beare-Lisa,https://lims.leg.bc.ca/public/images/mla-headshots/43/small/Beare-Lisa.jpg,MLA Lisa Beare
34,Mid Island-Pacific Rim,Ms.,Josie,Osborne,British Columbia New Democratic Party,BC NDP,True,False,False,https://www.leg.bc.ca/members/43rd-Parliament/Osborne-Josie,https://lims.leg.bc.ca/public/images/mla-headshots/43/small/Osborne-Josie.jpg,MLA Josie Osborne
37,Nechako Lakes,Mr.,John,Rustad,Conservative Party of British Columbia,Conservative Party of British Columbia,False,False,False,https://www.leg.bc.ca/members/43rd-Parliament/Rustad-John,https://lims.leg.bc.ca/public/images/mla-headshots/43/small/Rustad-John.jpg,MLA John Rustad
41,North Island,Ms.,Anna,Kindy,Conservative Party of British Columbia,Conservative Party of British Columbia,False,False,False,https://www.leg.bc.ca/members/43rd-Parliament/Kindy-Anna,https://lims.leg.bc.ca/public/images/mla-headshots/43/small/Anna Kindy Conservative Party _KRL_20241210__AVE7843 copy.jpg,MLA Anna Kindy
42,North Vancouver-Lonsdale,Ms.,Bowinn,Ma,British Columbia New Democratic Party,BC NDP,True,False,False,https://www.leg.bc.ca/members/43rd-Parliament/Ma-Bowinn,https://lims.leg.bc.ca/public/images/mla-headshots/43/small/Ma-Bowinn.jpg,MLA Bowinn Ma
43,North Vancouver-Seymour,Ms.,Susie,Chant,British Columbia New Democratic Party,BC NDP,False,False,False,https://www.leg.bc.ca/members/43rd-Parliament/Chant-Susie,https://lims.leg.bc.ca/public/images/mla-headshots/43/small/Chant-Susie.jpg,MLA Susie Chant
44,Oak Bay-Gordon Head,Ms.,Diana,Gibson,British Columbia New Democratic Party,BC NDP,True,False,False,https://www.leg.bc.ca/members/43rd-Parliament/Gibson-Diana,https://lims.leg.bc.ca/public/images/mla-headshots/43/small/Gibson-Diana.jpg,MLA Diana Gibson
46,Peace River North,Mr.,Jordan,Kealy,Independent,Independent,False,False,False,https://www.leg.bc.ca/members/43rd-Parliament/Kealy-Jordan,https://lims.leg.bc.ca/public/images/mla-headshots/43/small/Kealy-Jordan.jpg,MLA Jordan Kealy
47,Peace River South,Mr.,Larry,Neufeld,Conservative Party of British Columbia,Conservative Party of British Columbia,False,False,False,https://www.leg.bc.ca/members/43rd-Parliament/Neufeld-Larry,https://lims.leg.bc.ca/public/images/mla-headshots/43/small/Neufeld-Larry.jpeg,MLA Larry Neufeld
49,Port Coquitlam,Mr.,Mike,Farnworth,British Columbia New Democratic Party,BC NDP,True,False,False,https://www.leg.bc.ca/members/43rd-Parliament/Farnworth-Mike,https://lims.leg.bc.ca/public/images/mla-headshots/43/small/Farnworth-Mike.jpg,MLA mike Farnworth
51,Powell River-Sunshine Coast,Ms.,Randene,Neill,British Columbia New Democratic Party,BC NDP,True,False,False,https://www.leg.bc.ca/members/43rd-Parliament/Neill-Randene,https://lims.leg.bc.ca/public/images/mla-headshots/43/small/Neill-Randene.jpg,MLA Randene Neill
52,Prince George-Mackenzie,Mr.,Kiel,Giddens,Conservative Party of British Columbia,Conservative Party of British Columbia,False,False,False,https://www.leg.bc.ca/members/43rd-Parliament/Giddens-Kiel,https://lims.leg.bc.ca/public/images/mla-headshots/43/small/Giddens-Kiel.jpeg,MLA Kiel Giddens
53,Prince George-Valemount,Ms.,Rosalyn,Bird,Conservative Party of British Columbia,Conservative Party of British Columbia,False,False,False,https://www.leg.bc.ca/members/43rd-Parliament/Bird-Rosalyn,https://lims.leg.bc.ca/public/images/mla-headshots/43/small/Rosalyn Bird Conservative Party _KRL_20241210__AVE7919 copy 2.jpg,MLA Rosalyn Bird
56,Richmond-Queensborough,Mr.,Steve,Kooner,Conservative Party of British Columbia,Conservative Party of British Columbia,False,False,False,https://www.leg.bc.ca/members/43rd-Parliament/Kooner-Steve,https://lims.leg.bc.ca/public/images/mla-headshots/43/small/MLA Kooner.jpg,MLA Steve Kooner
58,Saanich North and the Islands,Mr.,Rob,Botterell,British Columbia Green Party,BC Green Party,False,False,False,https://www.leg.bc.ca/members/43rd-Parliament/Botterell-Rob,https://lims.leg.bc.ca/public/images/mla-headshots/43/small/Botterell-Rob.jpg,MLA Rob Botterell
59,Saanich South,Ms.,Lana,Popham,British Columbia New Democratic Party,BC NDP,True,False,False,https://www.leg.bc.ca/members/43rd-Parliament/Popham-Lana,https://lims.leg.bc.ca/public/images/mla-headshots/43/small/Popham-Lana.jpg,MLA Lana Popham
61,Skeena,Ms.,Claire,Rattée,Conservative Party of British Columbia,Conservative Party of British Columbia,False,False,False,https://www.leg.bc.ca/members/43rd-Parliament/Ratt%C3%A9e-Claire,https://lims.leg.bc.ca/public/images/mla-headshots/43/small/Claire Ratee Cropped.jpg,MLA Claire Rattée
63,Surrey South,Mr.,Brent,Chapman,Conservative Party of British Columbia,Conservative Party of British Columbia,False,False,False,https://www.leg.bc.ca/members/43rd-Parliament/Chapman-Brent,https://lims.leg.bc.ca/public/images/mla-headshots/43/small/Chapman-Brent.jpg,MLA Brent Chapman
64,Surrey-Cloverdale,Ms.,Elenore,Sturko,Independent,Independent,False,False,False,https://www.leg.bc.ca/members/43rd-Parliament/Sturko-Elenore,https://lims.leg.bc.ca/public/images/mla-headshots/43/small/Sturko-Elenore.jpg,MLA Elenore Sturko
65,Surrey-Fleetwood,Mr.,Jagrup,Brar,British Columbia New Democratic Party,BC NDP,True,False,False,https://www.leg.bc.ca/members/43rd-Parliament/Brar-Jagrup,https://lims.leg.bc.ca/public/images/mla-headshots/43/small/Brar-Jagrup.jpg,MLA Jagrup Brar
67,Surrey-Guildford,Mr.,Garry,Begg,British Columbia New Democratic Party,BC NDP,False,False,False,https://www.leg.bc.ca/members/43rd-Parliament/Begg-Garry,https://lims.leg.bc.ca/public/images/mla-headshots/43/small/Begg-Garry.jpg,MLA Garry Begg
68,Surrey-Newton,Ms.,Jessie,Sunner,British Columbia New Democratic Party,BC NDP,True,False,False,https://www.leg.bc.ca/members/43rd-Parliament/Sunner-Jessie,https://lims.leg.bc.ca/public/images/mla-headshots/43/small/Sunner-Jessie.jpg,MLA Jessie Sunner
69,Surrey-Panorama,Mr.,Bryan,Tepper,Conservative Party of British Columbia,Conservative Party of British Columbia,False,False,False,https://www.leg.bc.ca/members/43rd-Parliament/Tepper-Bryan,https://lims.leg.bc.ca/public/images/mla-headshots/43/small/Bryan Portrait 1 (2).jpg,MLA Bryan Tepper
71,Surrey-White Rock,Mr.,Trevor,Halford,Conservative Party of British Columbia,Conservative Party of British Columbia,False,False,False,https://www.leg.bc.ca/members/43rd-Parliament/Halford-Trevor,https://lims.leg.bc.ca/public/images/mla-headshots/43/small/Halford-Trevor.jpg,MLA Trevor Halford
74,Vancouver-Fraserview,Mr.,George,Chow,British Columbia New Democratic Party,BC NDP,False,False,False,https://www.leg.bc.ca/members/43rd-Parliament/Chow-George,https://lims.leg.bc.ca/public/images/mla-headshots/43/small/Chow-George.jpg,MLA George Chow
75,Vancouver-Hastings,Ms.,Niki,Sharma,British Columbia New Democratic Party,BC NDP,True,False,True,https://www.leg.bc.ca/members/43rd-Parliament/Sharma-Niki,https://lims.leg.bc.ca/public/images/mla-headshots/43/small/Sharma-Niki.jpg,MLA Niki Sharma
76,Vancouver-Kensington,Ms.,Mable,Elmore,British Columbia New Democratic Party,BC NDP,False,False,False,https://www.leg.bc.ca/members/43rd-Parliament/Elmore-Mable,https://lims.leg.bc.ca/public/images/mla-headshots/43/small/Elmore-Mable.jpg,MLA Mable Elmore
78,Vancouver-Langara,Ms.,Sunita,Dhir,British Columbia New Democratic Party,BC NDP,False,False,False,https://www.leg.bc.ca/members/43rd-Parliament/Dhir-Sunita,"https://lims.leg.bc.ca/public/images/mla-headshots/43/small/Dhir, Sunita.JPG",MLA Sunita Dhir
80,Vancouver-Point Grey,Hon.,David,Eby,British Columbia New Democratic Party,BC NDP,True,False,True,https://www.leg.bc.ca/members/43rd-Parliament/Eby-David,https://lims.leg.bc.ca/public/images/mla-headshots/43/small/Eby-David.jpg,MLA David Eby
81,Vancouver-Quilchena,Ms.,Dallas,Brodie,Independent,Independent,False,False,False,https://www.leg.bc.ca/members/43rd-Parliament/Brodie-Dallas,https://lims.leg.bc.ca/public/images/mla-headshots/43/small/Brodie-Dallas.png,MLA Dallas Brodie
82,Vancouver-West End,Mr.,Spencer,Chandra Herbert,British Columbia New Democratic Party,BC NDP,True,False,False,https://www.leg.bc.ca/members/43rd-Parliament/Chandra%20Herbert-Spencer,https://lims.leg.bc.ca/public/images/mla-headshots/43/small/Chandra-Herbert-Spencer.jpg,MLA Spencer Chandra Herbert
84,Victoria-Beacon Hill,Ms.,Grace,Lore,British Columbia New Democratic Party,BC NDP,True,False,False,https://www.leg.bc.ca/members/43rd-Parliament/Lore-Grace,https://lims.leg.bc.ca/public/images/mla-headshots/43/small/Lore-Grace.jpg,MLA Grace Lore
85,Victoria-Swan Lake,Ms.,Nina,Krieger,British Columbia New Democratic Party,BC NDP,True,False,False,https://www.leg.bc.ca/members/43rd-Parliament/Krieger-Nina,https://lims.leg.bc.ca/public/images/mla-headshots/43/small/Krieger-Nina.jpg,MLA Nina Krieger
86,West Vancouver-Capilano,Ms.,Lynne,Block,Conservative Party of British Columbia,Conservative Party of British Columbia,False,False,False,https://www.leg.bc.ca/members/43rd-Parliament/Block-Lynne,https://lims.leg.bc.ca/public/images/mla-headshots/43/small/LBlock-Headshot-Preferred (1).jpg,MLA Lynne Block
87,West Vancouver-Sea to Sky,Mr.,Jeremy,Valeriote,British Columbia Green Party,BC Green Party,False,False,False,https://www.leg.bc.ca/members/43rd-Parliament/Valeriote-Jeremy,https://lims.leg.bc.ca/public/images/mla-headshots/43/small/Valeriote-Jeremy.jpg,MLA Jeremy Valeriote
91,Richmond-Steveston,Ms.,Kelly,Greene,British Columbia New Democratic Party,BC NDP,True,False,False,https://www.leg.bc.ca/members/43rd-Parliament/Greene-Kelly,https://lims.leg.bc.ca/public/images/mla-headshots/43/small/Greene-Kelly.jpg,MLA Kelly Greene
105,Bulkley Valley-Stikine,Ms.,Sharon,Hartwell,Conservative Party of British Columbia,Conservative Party of British Columbia,False,False,False,https://www.leg.bc.ca/members/43rd-Parliament/Hartwell-Sharon,https://lims.leg.bc.ca/public/images/mla-headshots/43/small/Hartwell-Sharon.jpg,MLA Sharon L. Hartwell
106,Richmond Centre,Mr.,Hon,Chan,Independent,Independent,False,False,False,https://www.leg.bc.ca/members/43rd-Parliament/Chan-Hon,https://lims.leg.bc.ca/public/images/mla-headshots/43/small/Chan-Hon.jpg,MLA Hon Chan
143,Vancouver-Little Mountain,Ms.,Christine,Boyle,British Columbia New Democratic Party,BC NDP,True,False,False,https://www.leg.bc.ca/members/43rd-Parliament/Boyle-Christine,https://lims.leg.bc.ca/public/images/mla-headshots/43/small/Boyle-Christine.jpg,MLA Christine Boyle
150,Burnaby Centre,Ms.,Anne,Kang,British Columbia New Democratic Party,BC NDP,True,False,False,https://www.leg.bc.ca/members/43rd-Parliament/Kang-Anne,https://lims.leg.bc.ca/public/images/mla-headshots/43/small/Kang-Anne.jpg,MLA Anne Kang
151,Burnaby East,Mrs.,Rohini,Arora,British Columbia New Democratic Party,BC NDP,False,False,False,https://www.leg.bc.ca/members/43rd-Parliament/Arora-Rohini,https://lims.leg.bc.ca/public/images/mla-headshots/43/small/Arora-Rohini.jpg,MLA Rohini Arora
152,Burnaby-New Westminster,Mr.,Raj,Chouhan,British Columbia New Democratic Party,BC NDP,True,False,False,https://www.leg.bc.ca/members/43rd-Parliament/Chouhan-Raj,https://lims.leg.bc.ca/public/images/mla-headshots/43/small/Chouhan-Raj.jpg,MLA Raj Chouhan
153,Burnaby South-Metrotown,Mr.,Paul,Choi,British Columbia New Democratic Party,BC NDP,False,False,False,https://www.leg.bc.ca/members/43rd-Parliament/Choi-Paul,https://lims.leg.bc.ca/public/images/mla-headshots/43/small/Choi-Paul.jpg,MLA Paul Choi
154,Chilliwack-Cultus Lake,,Á'a:líya,Warbus,Conservative Party of British Columbia,Conservative Party of British Columbia,False,False,False,https://www.leg.bc.ca/members/43rd-Parliament/Warbus-%C3%81'a%3Al%C3%ADya,https://lims.leg.bc.ca/public/images/mla-headshots/43/small/A'aliya Warbus.jpg,MLA A'aliya Warbus
155,Chilliwack North,Ms.,Heather,Maahs,Conservative Party of British Columbia,Conservative Party of British Columbia,False,False,False,https://www.leg.bc.ca/members/43rd-Parliament/Maahs-Heather,https://lims.leg.bc.ca/public/images/mla-headshots/43/small/Heather Maahs Updated Photo.jpeg,MLA Heather Maahs
156,Esquimalt-Colwood,Ms.,Darlene,Rotchford,British Columbia New Democratic Party,BC NDP,False,False,False,https://www.leg.bc.ca/members/43rd-Parliament/Rotchford-Darlene,https://lims.leg.bc.ca/public/images/mla-headshots/43/small/Rotchford-Darlene.jpg,MLA Darlene Rotchford
157,Juan de Fuca-Malahat,Mr.,Dana,Lajeunesse,British Columbia New Democratic Party,BC NDP,False,False,False,https://www.leg.bc.ca/members/43rd-Parliament/Lajeunesse-Dana,https://lims.leg.bc.ca/public/images/mla-headshots/43/small/Lajeunesse-Dana.jpg,MLA Dana Lajeunesse
158,Kamloops Centre,Mr.,Peter,Milobar,Conservative Party of British Columbia,Conservative Party of British Columbia,False,False,False,https://www.leg.bc.ca/members/43rd-Parliament/Milobar-Peter,https://lims.leg.bc.ca/public/images/mla-headshots/43/small/Milobar-Peter.jpg,MLA Peter Milobar
159,Kelowna Centre,Ms.,Kristina,Loewen,Conservative Party of British Columbia,Conservative Party of British Columbia,False,False,False,https://www.leg.bc.ca/members/43rd-Parliament/Loewen-Kristina,https://lims.leg.bc.ca/public/images/mla-headshots/43/small/Cropped Resized_Kris_Andrew_Lowen_Large__(3)_1705686567421.JPG,MLA Kristina Loewen
160,Kelowna-Lake Country-Coldstream,Ms.,Tara,Armstrong,Independent,Independent,False,False,False,https://www.leg.bc.ca/members/43rd-Parliament/Armstrong-Tara,https://lims.leg.bc.ca/public/images/mla-headshots/43/small/MLA Armstrong Headshot.jpeg,MLA Tara Armstrong
161,Kootenay Central,Ms.,Brittny,Anderson,British Columbia New Democratic Party,BC NDP,True,False,False,https://www.leg.bc.ca/members/43rd-Parliament/Anderson-Brittny,https://lims.leg.bc.ca/public/images/mla-headshots/43/small/Anderson-Brittny.jpg,MLA Brittny Anderson
162,Kootenay-Monashee,Mr.,Steve,Morissette,British Columbia New Democratic Party,BC NDP,False,False,False,https://www.leg.bc.ca/members/43rd-Parliament/Morissette-Steve,https://lims.leg.bc.ca/public/images/mla-headshots/43/small/Morissette-Steve.jpg,MLA Steve Morissette
163,Kootenay-Rockies,Mr.,Pete,Davis,Conservative Party of British Columbia,Conservative Party of British Columbia,False,False,False,https://www.leg.bc.ca/members/43rd-Parliament/Davis-Pete,https://lims.leg.bc.ca/public/images/mla-headshots/43/small/Davis-Pete.jpg,MLA Pete Davis
164,Ladysmith-Oceanside,Ms.,Stephanie,Higginson,British Columbia New Democratic Party,BC NDP,False,False,False,https://www.leg.bc.ca/members/43rd-Parliament/Higginson-Stephanie,https://lims.leg.bc.ca/public/images/mla-headshots/43/small/Higginson-Stephanie.jpg,MLA Stephanie Higginson
165,Langford-Highlands,Mr.,Ravi,Parmar,British Columbia New Democratic Party,BC NDP,True,False,False,https://www.leg.bc.ca/members/43rd-Parliament/Parmar-Ravi,https://lims.leg.bc.ca/public/images/mla-headshots/43/small/Parmar-Ravi.jpg,MLA Ravi Parmar
166,Langley-Abbotsford,Mr.,Harman,Bhangu,Conservative Party of British Columbia,Conservative Party of British Columbia,False,False,False,https://www.leg.bc.ca/members/43rd-Parliament/Bhangu-Harman,https://lims.leg.bc.ca/public/images/mla-headshots/43/small/Bhangu-Harman.jpg,MLA Harman Bhangu
167,Langley-Walnut Grove,Ms.,Misty,Van Popta,Conservative Party of British Columbia,Conservative Party of British Columbia,False,False,False,https://www.leg.bc.ca/members/43rd-Parliament/Van%20Popta-Misty,https://lims.leg.bc.ca/public/images/mla-headshots/43/small/Van Popta-Misty.jpg,MLA Misty Van Popta
168,Langley-Willowbrook,Ms.,Jody,Toor,Conservative Party of British Columbia,Conservative Party of British Columbia,False,False,False,https://www.leg.bc.ca/members/43rd-Parliament/Toor-Jody,https://lims.leg.bc.ca/public/images/mla-headshots/43/small/Toor-Jody.jpg,MLA Jody Toor
169,Maple Ridge East,Mr.,Lawrence,Mok,Conservative Party of British Columbia,Conservative Party of British Columbia,False,False,False,https://www.leg.bc.ca/members/43rd-Parliament/Mok-Lawrence,https://lims.leg.bc.ca/public/images/mla-headshots/43/small/Mok-Lawrence.jpg,MLA Lawrence Mok
170,Nanaimo-Gabriola Island,Ms.,Sheila,Malcolmson,British Columbia New Democratic Party,BC NDP,True,False,False,https://www.leg.bc.ca/members/43rd-Parliament/Malcolmson-Sheila,https://lims.leg.bc.ca/public/images/mla-headshots/43/small/Malcolmson-Sheila.jpg,MLA Sheila Malcolmson
171,Nanaimo-Lantzville,Mr.,George,Anderson,British Columbia New Democratic Party,BC NDP,False,False,False,https://www.leg.bc.ca/members/43rd-Parliament/Anderson-George,https://lims.leg.bc.ca/public/images/mla-headshots/43/small/George_Anderson_MLA Cropped.jpg,MLA George Anderson
172,New Westminster-Coquitlam,Ms.,Jennifer,Whiteside,British Columbia New Democratic Party,BC NDP,True,False,False,https://www.leg.bc.ca/members/43rd-Parliament/Whiteside-Jennifer,https://lims.leg.bc.ca/public/images/mla-headshots/43/small/Whiteside-Jennifer.jpg,MLA Jennifer Whiteside
173,North Coast-Haida Gwaii,Ms.,Laanas - Tamara,Davidson,British Columbia New Democratic Party,BC NDP,True,False,False,https://www.leg.bc.ca/members/43rd-Parliament/Davidson-Laanas%20-%20Tamara,https://lims.leg.bc.ca/public/images/mla-headshots/43/small/Davidson-Tamara.jpg,MLA Tamara Davidson
174,Penticton-Summerland,Ms.,Amelia,Boultbee,Independent,Independent,False,False,False,https://www.leg.bc.ca/members/43rd-Parliament/Boultbee-Amelia,https://lims.leg.bc.ca/public/images/mla-headshots/43/small/Boultbee-Amelia.jpg,MLA Amelia Boultbee
175,Port Moody-Burquitlam,Mr.,Rick,Glumac,British Columbia New Democratic Party,BC NDP,True,False,False,https://www.leg.bc.ca/members/43rd-Parliament/Glumac-Rick,https://lims.leg.bc.ca/public/images/mla-headshots/43/small/Glumac-Rick.jpg,MLA Rick Glumac
176,Prince George-North Cariboo,Mr.,Sheldon,Clare,Conservative Party of British Columbia,Conservative Party of British Columbia,False,False,False,https://www.leg.bc.ca/members/43rd-Parliament/Clare-Sheldon,https://lims.leg.bc.ca/public/images/mla-headshots/43/small/Clare-Sheldon.jpg,MLA Sheldon Clare
177,Richmond-Bridgeport,Ms.,Teresa,Wat,Conservative Party of British Columbia,Conservative Party of British Columbia,False,False,False,https://www.leg.bc.ca/members/43rd-Parliament/Wat-Teresa,https://lims.leg.bc.ca/public/images/mla-headshots/43/small/Wat-Teresa.jpg,MLA Teresa Wat
178,Salmon Arm-Shuswap,Mr.,David,Williams,Conservative Party of British Columbia,Conservative Party of British Columbia,False,False,False,https://www.leg.bc.ca/members/43rd-Parliament/Williams-David,https://lims.leg.bc.ca/public/images/mla-headshots/43/small/Williams-David.jpg,MLA David L. Williams
179,Surrey City Centre,Ms.,Amna,Shah,British Columbia New Democratic Party,BC NDP,False,False,False,https://www.leg.bc.ca/members/43rd-Parliament/Shah-Amna,https://lims.leg.bc.ca/public/images/mla-headshots/43/small/Shah-Amna.jpg,MLA Amna Shaw
180,Surrey North,Mr.,Mandeep,Dhaliwal,Conservative Party of British Columbia,Conservative Party of British Columbia,False,False,False,https://www.leg.bc.ca/members/43rd-Parliament/Dhaliwal-Mandeep,https://lims.leg.bc.ca/public/images/mla-headshots/43/small/Dhaliwal-Mandeep.jpg,MLA Mandeep Dhaliwal
181,Surrey-Serpentine River,Ms.,Linda,Hepner,Conservative Party of British Columbia,Conservative Party of British Columbia,False,False,False,https://www.leg.bc.ca/members/43rd-Parliament/Hepner-Linda,https://lims.leg.bc.ca/public/images/mla-headshots/43/small/Hepner-Linda.jpg,MLA Linda Hepner
182,Vancouver-Renfrew,Mr.,Adrian,Dix,British Columbia New Democratic Party,BC NDP,True,False,False,https://www.leg.bc.ca/members/43rd-Parliament/Dix-Adrian,https://lims.leg.bc.ca/public/images/mla-headshots/43/small/Dix-Adrian.jpg,MLA Adrian Dix
183,Vancouver-South Granville,Ms.,Brenda,Bailey,British Columbia New Democratic Party,BC NDP,True,False,False,https://www.leg.bc.ca/members/43rd-Parliament/Bailey-Brenda,https://lims.leg.bc.ca/public/images/mla-headshots/43/small/Bailey-Brenda.jpg,MLA Brenda Bailey
184,Vancouver-Strathcona,Ms,Amshen - Joan,Phillip,British Columbia New Democratic Party,BC NDP,False,False,False,https://www.leg.bc.ca/members/43rd-Parliament/Phillip-Amshen%20-%20Joan,https://lims.leg.bc.ca/public/images/mla-headshots/43/small/Phillip-Joan.jpg,MLA Joan Phillip
185,Vancouver-Yaletown,Mr.,Terry,Yung,British Columbia New Democratic Party,BC NDP,True,False,False,https://www.leg.bc.ca/members/43rd-Parliament/Yung-Terry,https://lims.leg.bc.ca/public/images/mla-headshots/43/small/Yung-Terry.jpg,MLA Terry Yung
186,Vernon-Lumby,Ms.,Harwinder,Sandhu,British Columbia New Democratic Party,BC NDP,False,False,False,https://www.leg.bc.ca/members/43rd-Parliament/Sandhu-Harwinder,https://lims.leg.bc.ca/public/images/mla-headshots/43/small/Sandhu-Harwinder.jpg,MLA Harwinder Sandhu
187,West Kelowna-Peachland,Mr.,Macklin,McCall,Conservative Party of British Columbia,Conservative Party of British Columbia,False,False,False,https://www.leg.bc.ca/members/43rd-Parliament/McCall-Macklin,https://lims.leg.bc.ca/public/images/mla-headshots/43/small/McCall.PNG,MLA Macklin McCall
